{
  "power_consumption": {
    "count": 7,
    "mean": 3.214094913414201,
    "min": 3.1702512242567837,
    "max": 3.247210760526295,
    "std": 0.029704086528341396
  }
}