{
  "power_consumption": {
    "count": 7,
    "mean": 3.095907937659178,
    "min": 3.0791752578784246,
    "max": 3.1056178600423068,
    "std": 0.008685174735755958
  }
}