{
  "power_consumption": {
    "count": 7,
    "mean": 3.107495009474405,
    "min": 3.0896593185507157,
    "max": 3.1266141275897796,
    "std": 0.013665657216132082
  }
}